"Titulo","Lugar","Precio","Fecha","Link","Ids","EventId"
"Disney: The Exhibition. 100 años de magia","Fundación Canal - Sala Castellana 214","19,90€","System.Object[]","https://compras.abonoteatro.com/?pagename=espectaculo&eventid=58627#compradias","System.Object[]","58627"
"EN MÁLAGA: EL CIRCO DE LA LUZ","Recinto Ferial (Málaga)","14,50€","System.Object[]","https://compras.abonoteatro.com/?pagename=espectaculo&eventid=41988#compradias","System.Object[]","41988"
"LOSER","Teatro Arlequín Gran Vía","15,00€","System.Object[]","https://compras.abonoteatro.com/?pagename=espectaculo&eventid=96696#compradias","System.Object[]","96696"
"VISITA GRAN CASTILLO DE PEDRAZA","Gran Castillo de Pedraza","6,00€","System.Object[]","https://compras.abonoteatro.com/?pagename=espectaculo&eventid=41900#compradias","System.Object[]","41900"
"PIENSA EN WILBUR","Teatro Serrano","12,00€","System.Object[]","https://compras.abonoteatro.com/?pagename=espectaculo&eventid=68799#compradias","System.Object[]","68799"
"101 DÁLMATAS","Gran Teatro CaixaBank Príncipe Pío","44,90€","System.Object[]","https://compras.abonoteatro.com/?pagename=espectaculo&eventid=97484#compradias","System.Object[]","97484"
"Atlantis Aquarium Madrid","Intu Xanadú","11,90€","System.Object[]","https://compras.abonoteatro.com/?pagename=espectaculo&eventid=56346#compradias","System.Object[]","56346"
"WE WILL ROCK YOU, el musical","Gran Teatro CaixaBank Príncipe Pío","44,90€","System.Object[]","https://compras.abonoteatro.com/?pagename=espectaculo&eventid=31734#compradias","System.Object[]","31734"
"JUANA LA LOCA","Teatro Serrano","16,00€","System.Object[]","https://compras.abonoteatro.com/?pagename=espectaculo&eventid=91368#compradias","System.Object[]","91368"
"Don Gil de las calzas verdes","Corral Comedias Almagro (Ciudad Real)","22,00€","System.Object[]","https://compras.abonoteatro.com/?pagename=espectaculo&eventid=95186#compradias","System.Object[]","95186"
"LOS SUEÑOS DE LA JIRAFA","Ambigú del Teatro Pavón","12,00€","System.Object[]","https://compras.abonoteatro.com/?pagename=espectaculo&eventid=97756#compradias","System.Object[]","97756"
"CRUZANDO LAS CUERDAS","Teatro Arlequín Gran Vía","10,40€","System.Object[]","https://compras.abonoteatro.com/?pagename=espectaculo&eventid=29062#compradias","System.Object[]","29062"
"CHEFS - YLLANA","Teatro Serrano","18,00€","System.Object[]","https://compras.abonoteatro.com/?pagename=espectaculo&eventid=62952#compradias","System.Object[]","62952"
"CENICIENTA Y EL ZAPATITO DE CRISTAL","Teatro JANA","10,00€","System.Object[]","https://compras.abonoteatro.com/?pagename=espectaculo&eventid=46558#compradias","System.Object[]","46558"
"Festival ULTREIA 2026","La Sala del Movistar Arena","25,00€","System.Object[]","https://compras.abonoteatro.com/?pagename=espectaculo&eventid=74782#compradias","System.Object[]","74782"
"EL ESPÍRITU BURLÓN","Teatro JANA","10,00€","System.Object[]","https://compras.abonoteatro.com/?pagename=espectaculo&eventid=61918#compradias","System.Object[]","61918"
"PABLO LESUIT - CAMINO DE LAS ROCAS","Sala Galileo Galilei","15,00€","System.Object[]","https://compras.abonoteatro.com/?pagename=espectaculo&eventid=48269#compradias","System.Object[]","48269"
"EN MÁLAGA: EL CIRCO MALDITO","Recinto Ferial (Málaga)","18,00€","System.Object[]","https://compras.abonoteatro.com/?pagename=espectaculo&eventid=13664#compradias","System.Object[]","13664"
"El Explorador y un viaje planetario","Teatro Salesianos Estrecho","15,00€","System.Object[]","https://compras.abonoteatro.com/?pagename=espectaculo&eventid=67956#compradias","System.Object[]","67956"
"Pinturilla y la Pintumanía","Sala Galileo Galilei","18,00€","System.Object[]","https://compras.abonoteatro.com/?pagename=espectaculo&eventid=6253#compradias","System.Object[]","6253"
"MAESTRISSIMO - YLLANA","Gran Teatro CaixaBank Príncipe Pío","22,00€","System.Object[]","https://compras.abonoteatro.com/?pagename=espectaculo&eventid=16328#compradias","System.Object[]","16328"
"El Principito , un viaje musical","Teatro Salesianos Estrecho","15,00€","System.Object[]","https://compras.abonoteatro.com/?pagename=espectaculo&eventid=83222#compradias","System.Object[]","83222"
"EL PARTO DE TALÍA","Corral Comedias Almagro (Ciudad Real)","21,00€","System.Object[]","https://compras.abonoteatro.com/?pagename=espectaculo&eventid=40191#compradias","System.Object[]","40191"
"HAVI POTTER Y LA COMEDIA MUSICAL","Teatro Arlequín Gran Vía","12,00€","System.Object[]","https://compras.abonoteatro.com/?pagename=espectaculo&eventid=41194#compradias","System.Object[]","41194"
"PAGAGNINI - YLLANA","Gran Teatro CaixaBank Príncipe Pío","22,00€","System.Object[]","https://compras.abonoteatro.com/?pagename=espectaculo&eventid=91991#compradias","System.Object[]","91991"
"SEMEN","Teatro Arlequín Gran Vía","15,00€","System.Object[]","https://compras.abonoteatro.com/?pagename=espectaculo&eventid=61390#compradias","System.Object[]","61390"
"DISNEY FOLCLÓRICO","Teatro Arlequín Gran Vía","15,50€","System.Object[]","https://compras.abonoteatro.com/?pagename=espectaculo&eventid=96032#compradias","System.Object[]","96032"
"VIOLINÍSTICAS","Teatro Arlequín Gran Vía","15,00€","System.Object[]","https://compras.abonoteatro.com/?pagename=espectaculo&eventid=73359#compradias","System.Object[]","73359"
"EL AMOR Y MUCHO MATCH!","Teatro Arlequín Gran Vía","12,00€","System.Object[]","https://compras.abonoteatro.com/?pagename=espectaculo&eventid=67607#compradias","System.Object[]","67607"
"SHIBUMI","Teatro San Pol","15,00€","System.Object[]","https://compras.abonoteatro.com/?pagename=espectaculo&eventid=22518#compradias","System.Object[]","22518"
"VOILÁ","Teatro Serrano","22,00€","System.Object[]","https://compras.abonoteatro.com/?pagename=espectaculo&eventid=30945#compradias","System.Object[]","30945"
"FANTASÍA, El Musical","Teatro Salesianos Estrecho","15,00€","System.Object[]","https://compras.abonoteatro.com/?pagename=espectaculo&eventid=24100#compradias","System.Object[]","24100"
"MARTINA AT THE ZOO","Teatro San Pol","14,00€","System.Object[]","https://compras.abonoteatro.com/?pagename=espectaculo&eventid=23166#compradias","System.Object[]","23166"
"LA CELESTINA","Teatro Serrano","18,00€","System.Object[]","https://compras.abonoteatro.com/?pagename=espectaculo&eventid=5636#compradias","System.Object[]","5636"
"CALLAS EN CONCIERTO","Gran Teatro CaixaBank Príncipe Pío","18,00€","System.Object[]","https://compras.abonoteatro.com/?pagename=espectaculo&eventid=42697#compradias","System.Object[]","42697"
"Tour guiado por Alcalá de Henares","Plaza de la Puerta de Madrid","12,50€","System.Object[]","https://compras.abonoteatro.com/?pagename=espectaculo&eventid=40417#compradias","System.Object[]","40417"
"CLÁSICOS DISNEY","Sala Galileo Galilei","18,00€","System.Object[]","https://compras.abonoteatro.com/?pagename=espectaculo&eventid=47617#compradias","System.Object[]","47617"
"WHITNEY HOUSTON HOLOGRAM TOUR","Gran Teatro CaixaBank Príncipe Pío","18,00€","System.Object[]","https://compras.abonoteatro.com/?pagename=espectaculo&eventid=2328#compradias","System.Object[]","2328"
"LUNÁTICO","Teatro Arlequín Gran Vía","12,00€","System.Object[]","https://compras.abonoteatro.com/?pagename=espectaculo&eventid=61099#compradias","System.Object[]","61099"
"A NIGHT WITH THE BEATLES","Sala Galileo Galilei","15,00€","System.Object[]","https://compras.abonoteatro.com/?pagename=espectaculo&eventid=91760#compradias","System.Object[]","91760"
"ALICIA LOBO – HOLA NO ME LÍES","Teatro Arlequín Gran Vía","12,00€","System.Object[]","https://compras.abonoteatro.com/?pagename=espectaculo&eventid=19427#compradias","System.Object[]","19427"
"STAND UP MAGIC - DAVID ROY","Teatro Arlequín Gran Vía","15,00€","System.Object[]","https://compras.abonoteatro.com/?pagename=espectaculo&eventid=8337#compradias","System.Object[]","8337"
"LA AZOTEA","Teatro Arlequín Gran Vía","20,00€","System.Object[]","https://compras.abonoteatro.com/?pagename=espectaculo&eventid=29787#compradias","System.Object[]","29787"
"MADRID DIVINA MÚSICA","Iglesia de San Ignacio","14,00€","System.Object[]","https://compras.abonoteatro.com/?pagename=espectaculo&eventid=90365#compradias","System.Object[]","90365"
"JORGE BEDOYA - LAS MANOS","Gran Teatro CaixaBank Príncipe Pío","18,00€","System.Object[]","https://compras.abonoteatro.com/?pagename=espectaculo&eventid=60226#compradias","System.Object[]","60226"
"ÉRASE UNA VOZ, TRIBUTO A DISNEY","Palacio Neptuno","14,00€","System.Object[]","https://compras.abonoteatro.com/?pagename=espectaculo&eventid=12520#compradias","System.Object[]","12520"
"LA CAJA MUSICAL","Teatro Salesianos Estrecho","15,00€","System.Object[]","https://compras.abonoteatro.com/?pagename=espectaculo&eventid=91205#compradias","System.Object[]","91205"
"MÚSICA DE PELÍCULAS","Palacio Neptuno","14,00€","System.Object[]","https://compras.abonoteatro.com/?pagename=espectaculo&eventid=23336#compradias","System.Object[]","23336"
"TRIBUTO A LUDOVICO","Palacio Neptuno","14,00€","System.Object[]","https://compras.abonoteatro.com/?pagename=espectaculo&eventid=50263#compradias","System.Object[]","50263"
"DIVAS","Palacio Neptuno","14,00€","System.Object[]","https://compras.abonoteatro.com/?pagename=espectaculo&eventid=26102#compradias","System.Object[]","26102"
"ARTE","Teatro Serrano","19,00€","System.Object[]","https://compras.abonoteatro.com/?pagename=espectaculo&eventid=16215#compradias","System.Object[]","16215"
"MOVISTAR ESTUDIANTES","Movistar Arena Baloncesto","15,00€","System.Object[]","https://compras.abonoteatro.com/?pagename=espectaculo&eventid=28989#compradias","System.Object[]","28989"
"El Explorador y la Aventura Animal","Teatro Salesianos Estrecho","15,00€","System.Object[]","https://compras.abonoteatro.com/?pagename=espectaculo&eventid=5621#compradias","System.Object[]","5621"
"MAKING COMEDY SHOW","Teatro Arlequín Gran Vía","15,00€","System.Object[]","https://compras.abonoteatro.com/?pagename=espectaculo&eventid=36997#compradias","System.Object[]","36997"
"DANI DELACÁMARA – RISILIENCIA","Teatro Arlequín Gran Vía","12,00€","System.Object[]","https://compras.abonoteatro.com/?pagename=espectaculo&eventid=31704#compradias","System.Object[]","31704"
"COITUS, LA COMEDIA","Teatro Arlequín Gran Vía","12,00€","System.Object[]","https://compras.abonoteatro.com/?pagename=espectaculo&eventid=32147#compradias","System.Object[]","32147"
"TRASH! DE YLLANA Y TÖTHEM","Gran Teatro CaixaBank Príncipe Pío","18,00€","System.Object[]","https://compras.abonoteatro.com/?pagename=espectaculo&eventid=3601#compradias","System.Object[]","3601"
"EN MÁLAGA: CONCIERTO DE CUARESMA","Teatro del Soho CaixaBank (Málaga)","25,00€","System.Object[]","https://compras.abonoteatro.com/?pagename=espectaculo&eventid=72509#compradias","System.Object[]","72509"
"LUIS ÁLVAREZ- QUÉ RAZÓN TENÍA MI PADRE","Gran Teatro CaixaBank Príncipe Pío","28,00€","System.Object[]","https://compras.abonoteatro.com/?pagename=espectaculo&eventid=78609#compradias","System.Object[]","78609"
"LA REGENTA","Teatro Serrano","18,00€","System.Object[]","https://compras.abonoteatro.com/?pagename=espectaculo&eventid=72617#compradias","System.Object[]","72617"
"THE JAZZ ON FIVE","Sala Galileo Galilei","15,00€","System.Object[]","https://compras.abonoteatro.com/?pagename=espectaculo&eventid=95530#compradias","System.Object[]","95530"
"CORIA CASTILLO – A QUIÉN NO LE VA A GUSTAR","Teatro Arlequín Gran Vía","12,00€","System.Object[]","https://compras.abonoteatro.com/?pagename=espectaculo&eventid=91581#compradias","System.Object[]","91581"
"B VOCAL - EVOZLUTION","Teatro Serrano","19,00€","System.Object[]","https://compras.abonoteatro.com/?pagename=espectaculo&eventid=8836#compradias","System.Object[]","8836"
"TODO EL ROLLO, tributo a 80\'s y 90\'s","Teatro Salesianos Estrecho","15,00€","System.Object[]","https://compras.abonoteatro.com/?pagename=espectaculo&eventid=41219#compradias","System.Object[]","41219"
"WE LOVE DISCO – YLLANA","Gran Teatro CaixaBank Príncipe Pío","25,50€","System.Object[]","https://compras.abonoteatro.com/?pagename=espectaculo&eventid=40744#compradias","System.Object[]","40744"
"BAJO LAS LUCES DE BROADWAY","Teatro Arlequín Gran Vía","15,00€","System.Object[]","https://compras.abonoteatro.com/?pagename=espectaculo&eventid=29704#compradias","System.Object[]","29704"
"GREENPISS - YLLANA","Gran Teatro Pavón","15,00€","System.Object[]","https://compras.abonoteatro.com/?pagename=espectaculo&eventid=40799#compradias","System.Object[]","40799"
"EL MONSTRUO DE WHITE ROSES","Gran Teatro Pavón","18,00€","System.Object[]","https://compras.abonoteatro.com/?pagename=espectaculo&eventid=1286#compradias","System.Object[]","1286"
"CÁDIZ","Gran Teatro Pavón","15,00€","System.Object[]","https://compras.abonoteatro.com/?pagename=espectaculo&eventid=84516#compradias","System.Object[]","84516"
"666 – YLLANA","Gran Teatro Pavón","18,00€","System.Object[]","https://compras.abonoteatro.com/?pagename=espectaculo&eventid=67028#compradias","System.Object[]","67028"
"ELLAS MIENTEN COMO MIENTEN LOS BOLEROS","Teatro Arlequín Gran Vía","18,50€","System.Object[]","https://compras.abonoteatro.com/?pagename=espectaculo&eventid=47043#compradias","System.Object[]","47043"
"EL IMITADOR","Gran Teatro Pavón","20,00€","System.Object[]","https://compras.abonoteatro.com/?pagename=espectaculo&eventid=65385#compradias","System.Object[]","65385"
"Una Nota en MADRID","Teatro Salesianos Estrecho","15,00€","System.Object[]","https://compras.abonoteatro.com/?pagename=espectaculo&eventid=9958#compradias","System.Object[]","9958"
"LUIS ÁLVAREZ - EL DESPERTAR","Gran Teatro CaixaBank Príncipe Pío","28,00€","System.Object[]","https://compras.abonoteatro.com/?pagename=espectaculo&eventid=85050#compradias","System.Object[]","85050"
"A CONTRACORRIENTE - TRIBUTO PEREZA Y LEIVA","Sala Galileo Galilei","15,00€","System.Object[]","https://compras.abonoteatro.com/?pagename=espectaculo&eventid=18741#compradias","System.Object[]","18741"
"LA ROSA 14","Gran Teatro Pavón","20,00€","System.Object[]","https://compras.abonoteatro.com/?pagename=espectaculo&eventid=7108#compradias","System.Object[]","7108"
"LUIS ÁLVAREZ - EL LUGAR MÁS FELIZ DEL MUNDO","Gran Teatro CaixaBank Príncipe Pío","28,00€","System.Object[]","https://compras.abonoteatro.com/?pagename=espectaculo&eventid=52084#compradias","System.Object[]","52084"
"DOS IMANES: UN HOMENAJE A HOMBRES G","Sala Galileo Galilei","15,00€","System.Object[]","https://compras.abonoteatro.com/?pagename=espectaculo&eventid=74357#compradias","System.Object[]","74357"
"VISITA GUIADA A ATIENZA","Atienza","13,00€","System.Object[]","https://compras.abonoteatro.com/?pagename=espectaculo&eventid=61683#compradias","System.Object[]","61683"
"LA LOCA HISTORIA DE LA LITERATURA","Teatro Serrano","18,00€","System.Object[]","https://compras.abonoteatro.com/?pagename=espectaculo&eventid=34445#compradias","System.Object[]","34445"
"HOLY WOOD BAND","Sala Galileo Galilei","15,00€","System.Object[]","https://compras.abonoteatro.com/?pagename=espectaculo&eventid=17211#compradias","System.Object[]","17211"
"EL TENORIO EN 59 MINUTOS","Teatro Serrano","15,00€","System.Object[]","https://compras.abonoteatro.com/?pagename=espectaculo&eventid=79965#compradias","System.Object[]","79965"
"GOTERAS","Gran Teatro Pavón","18,00€","System.Object[]","https://compras.abonoteatro.com/?pagename=espectaculo&eventid=51255#compradias","System.Object[]","51255"
"LA POPTELERA","Sala Galileo Galilei","15,00€","System.Object[]","https://compras.abonoteatro.com/?pagename=espectaculo&eventid=63998#compradias","System.Object[]","63998"
"SWING MACHINE ORCHESTRA","Sala Galileo Galilei","15,00€","System.Object[]","https://compras.abonoteatro.com/?pagename=espectaculo&eventid=49024#compradias","System.Object[]","49024"
"FLAMENC OH! – YLLANA","Gran Teatro CaixaBank Príncipe Pío","22,00€","System.Object[]","https://compras.abonoteatro.com/?pagename=espectaculo&eventid=82722#compradias","System.Object[]","82722"
"EN MÁLAGA: GERSHWIN IN BLUE","Teatro del Soho CaixaBank (Málaga)","25,00€","System.Object[]","https://compras.abonoteatro.com/?pagename=espectaculo&eventid=26112#compradias","System.Object[]","26112"
"THE OPERA LOCOS - YLLANA","Gran Teatro CaixaBank Príncipe Pío","22,00€","System.Object[]","https://compras.abonoteatro.com/?pagename=espectaculo&eventid=69961#compradias","System.Object[]","69961"
"YELMO CINES ESPAÑA","Yelmo Cines","9,90€","System.Object[]","https://compras.abonoteatro.com/?pagename=espectaculo&eventid=722#compradias","System.Object[]","722"
"CINESA ESPAÑA","Cinesa","8,90€","System.Object[]","https://compras.abonoteatro.com/?pagename=espectaculo&eventid=409#compradias","System.Object[]","409"
"Imagine Action S.A","Sala de Teatro Bululú2120","12,00€","System.Object[]","https://compras.abonoteatro.com/?pagename=espectaculo&eventid=4455#compradias","System.Object[]","4455"
"JAQUE A LO IMPOSIBLE","Sala Houdini","15,00€","System.Object[]","https://compras.abonoteatro.com/?pagename=espectaculo&eventid=3352#compradias","System.Object[]","3352"
"Micro abierto recién horneado","Platea Café Teatro Rivas-Vaciamadrid","14,00€","System.Object[]","https://compras.abonoteatro.com/?pagename=espectaculo&eventid=53869#compradias","System.Object[]","53869"
"SWEET SPACE MUSEUM – FEBRERO","SWEET SPACE MUSEUM","12,65€","System.Object[]","https://compras.abonoteatro.com/?pagename=espectaculo&eventid=93325#compradias","System.Object[]","93325"
"MAGILOCURAS 3.0","Sala Houdini","16,00€","System.Object[]","https://compras.abonoteatro.com/?pagename=espectaculo&eventid=26718#compradias","System.Object[]","26718"
"Los Monólogos de Huertas","La Parroquia del Humor","16,00€","System.Object[]","https://compras.abonoteatro.com/?pagename=espectaculo&eventid=26445#compradias","System.Object[]","26445"
"EL JUEGO DE LA MENTE - Magia mental con ARIEL HAMUI","Teatro Escondido Gran Vía","12,00€","System.Object[]","https://compras.abonoteatro.com/?pagename=espectaculo&eventid=90857#compradias","System.Object[]","90857"
"ADICTOS A LA COMEDIA","Black Jack Club","16,00€","System.Object[]","https://compras.abonoteatro.com/?pagename=espectaculo&eventid=9401#compradias","System.Object[]","9401"
"UNA NOCHE CON FEDERICO","Teatro de las Aguas","14,00€","System.Object[]","https://compras.abonoteatro.com/?pagename=espectaculo&eventid=73790#compradias","System.Object[]","73790"
"La Otra Movida Comedy","La Otra Movida","16,00€","System.Object[]","https://compras.abonoteatro.com/?pagename=espectaculo&eventid=11619#compradias","System.Object[]","11619"
"SEXUALIZADOS","OFF Latina","14,00€","System.Object[]","https://compras.abonoteatro.com/?pagename=espectaculo&eventid=39760#compradias","System.Object[]","39760"
"mk2 Cine Paz","mk2 Cine Paz","10,50€","System.Object[]","https://compras.abonoteatro.com/?pagename=espectaculo&eventid=96865#compradias","System.Object[]","96865"
"EN TOLEDO: CINESUR LUZ DEL TAJO","Centro Comercial Luz del Tajo","9,00€","System.Object[]","https://compras.abonoteatro.com/?pagename=espectaculo&eventid=1122#compradias","System.Object[]","1122"
"Pata Negra, Chemi Moreno","La Otra Movida","16,00€","System.Object[]","https://compras.abonoteatro.com/?pagename=espectaculo&eventid=39505#compradias","System.Object[]","39505"
"Noche de Cómicas, en Atocha","Parada 42","16,00€","System.Object[]","https://compras.abonoteatro.com/?pagename=espectaculo&eventid=94880#compradias","System.Object[]","94880"
"La Parada Comedy CLUB","Parada 42","16,00€","System.Object[]","https://compras.abonoteatro.com/?pagename=espectaculo&eventid=91259#compradias","System.Object[]","91259"
"CHAS!","Teatro de las Aguas","12,00€","System.Object[]","https://compras.abonoteatro.com/?pagename=espectaculo&eventid=17054#compradias","System.Object[]","17054"
"Tablao Flamenco - Vallekas Flamenka","Taberna Flamenca El Cortijo","18,00€","System.Object[]","https://compras.abonoteatro.com/?pagename=espectaculo&eventid=90239#compradias","System.Object[]","90239"
"IMPRO IMPAR SHOW","ESPACIO BROADWAY","15,00€","System.Object[]","https://compras.abonoteatro.com/?pagename=espectaculo&eventid=76548#compradias","System.Object[]","76548"
"ALGO","OFF Latina","12,00€","System.Object[]","https://compras.abonoteatro.com/?pagename=espectaculo&eventid=20857#compradias","System.Object[]","20857"
"Dos Gordos muy Grasiosos en la Parroquia del Humor","La Parroquia del Humor","16,00€","System.Object[]","https://compras.abonoteatro.com/?pagename=espectaculo&eventid=41633#compradias","System.Object[]","41633"
"SERIE MANIAKS","OFF Latina","14,00€","System.Object[]","https://compras.abonoteatro.com/?pagename=espectaculo&eventid=66245#compradias","System.Object[]","66245"
"LAS KELLYS","OFF Latina","12,00€","System.Object[]","https://compras.abonoteatro.com/?pagename=espectaculo&eventid=69931#compradias","System.Object[]","69931"
"TÍA, ME DEJAS MUERTA","OFF Latina","12,00€","System.Object[]","https://compras.abonoteatro.com/?pagename=espectaculo&eventid=36996#compradias","System.Object[]","36996"
"Otro jueves tonto","Teatro Escondido Gran Vía","12,00€","System.Object[]","https://compras.abonoteatro.com/?pagename=espectaculo&eventid=98723#compradias","System.Object[]","98723"
"PIÉNSATELO BIEN","Sala Houdini","15,00€","System.Object[]","https://compras.abonoteatro.com/?pagename=espectaculo&eventid=3448#compradias","System.Object[]","3448"
"TABLAO OPERA FLAMENCA","TABLAO OPERA FLAMENCA","30,00€","System.Object[]","https://compras.abonoteatro.com/?pagename=espectaculo&eventid=50034#compradias","System.Object[]","50034"
"Magia en La Estación","Estación Comedy","15,00€","System.Object[]","https://compras.abonoteatro.com/?pagename=espectaculo&eventid=76882#compradias","System.Object[]","76882"
"MICRO ABIERTO RECIEN HORNEADO","La Butaca Amarilla","14,00€","System.Object[]","https://compras.abonoteatro.com/?pagename=espectaculo&eventid=98641#compradias","System.Object[]","98641"
"LA NOCHE DE LOS CAMAREROS en Callao","Black Jack Club","16,00€","System.Object[]","https://compras.abonoteatro.com/?pagename=espectaculo&eventid=87279#compradias","System.Object[]","87279"
"Huertas Comedy Open Mic","La Parroquia del Humor","16,00€","System.Object[]","https://compras.abonoteatro.com/?pagename=espectaculo&eventid=92202#compradias","System.Object[]","92202"
"BIRRAS Y RISAS","Artizanale","9,00€","System.Object[]","https://compras.abonoteatro.com/?pagename=espectaculo&eventid=64679#compradias","System.Object[]","64679"
"Especialistos","La Otra Movida","16,00€","System.Object[]","https://compras.abonoteatro.com/?pagename=espectaculo&eventid=64880#compradias","System.Object[]","64880"
"DESCONECTADOS","Teatro de las Aguas","12,00€","System.Object[]","https://compras.abonoteatro.com/?pagename=espectaculo&eventid=58023#compradias","System.Object[]","58023"
"EL BOSQUE ENCANTADO","El Bosque Encantado","12,00€","System.Object[]","https://compras.abonoteatro.com/?pagename=espectaculo&eventid=98507#compradias","System.Object[]","98507"
"Un Show de Magia","El Corral de Lope","15,00€","System.Object[]","https://compras.abonoteatro.com/?pagename=espectaculo&eventid=76318#compradias","System.Object[]","76318"
"TRUCOS Y TONTADAS: Magicomedia familiar","COLLAGE Burlesque","12,00€","System.Object[]","https://compras.abonoteatro.com/?pagename=espectaculo&eventid=47655#compradias","System.Object[]","47655"
"NACHO.G - VIVO ENTRE MUJERES","La Butaca Amarilla","14,00€","System.Object[]","https://compras.abonoteatro.com/?pagename=espectaculo&eventid=74246#compradias","System.Object[]","74246"
"Kabraloker","Black Jack Club","16,00€","System.Object[]","https://compras.abonoteatro.com/?pagename=espectaculo&eventid=90331#compradias","System.Object[]","90331"
"MAGICOMEDIA","COLLAGE Burlesque","12,00€","System.Object[]","https://compras.abonoteatro.com/?pagename=espectaculo&eventid=29138#compradias","System.Object[]","29138"
"IMPRESIONANTE","Sala Houdini","15,00€","System.Object[]","https://compras.abonoteatro.com/?pagename=espectaculo&eventid=3536#compradias","System.Object[]","3536"
"SI NO LO VEO, NO LO CREO","Sala Houdini","20,00€","System.Object[]","https://compras.abonoteatro.com/?pagename=espectaculo&eventid=85808#compradias","System.Object[]","85808"
"JOE MONTY. MAGIA Y HUMOR MUY DE CERCA","Sala Houdini","16,00€","System.Object[]","https://compras.abonoteatro.com/?pagename=espectaculo&eventid=62130#compradias","System.Object[]","62130"
"TAROT COMEDY CON YOLANDA MORA LA VIDENTE","AXEL HOTEL MADRID","10,00€","System.Object[]","https://compras.abonoteatro.com/?pagename=espectaculo&eventid=14406#compradias","System.Object[]","14406"
"MICHIGAN","SOJO Laboratorio Teatral","11,99€","System.Object[]","https://compras.abonoteatro.com/?pagename=espectaculo&eventid=11200#compradias","System.Object[]","11200"
"Obsesión","Sala Komodia","12,00€","System.Object[]","https://compras.abonoteatro.com/?pagename=espectaculo&eventid=58756#compradias","System.Object[]","58756"
"LOPOLAND","OFF Latina","12,00€","System.Object[]","https://compras.abonoteatro.com/?pagename=espectaculo&eventid=61880#compradias","System.Object[]","61880"
"HISTÓRICAS PERDIDAS","Sala Komodia","12,00€","System.Object[]","https://compras.abonoteatro.com/?pagename=espectaculo&eventid=22084#compradias","System.Object[]","22084"
"HISTORIAS DEL CAPITÁN","Teatro Escondido Gran Vía","15,00€","System.Object[]","https://compras.abonoteatro.com/?pagename=espectaculo&eventid=44893#compradias","System.Object[]","44893"
"EL MAGO DE LA CHISTERA","Teatro Escondido Gran Vía","15,00€","System.Object[]","https://compras.abonoteatro.com/?pagename=espectaculo&eventid=44889#compradias","System.Object[]","44889"
"Lo de Menos es el Nombre en La Otra Movida","La Otra Movida","16,00€","System.Object[]","https://compras.abonoteatro.com/?pagename=espectaculo&eventid=57472#compradias","System.Object[]","57472"
"TOUR MISTERIOS Y LEYENDAS DE MADRID","Fuente de Orfeo","12,50€","System.Object[]","https://compras.abonoteatro.com/?pagename=espectaculo&eventid=187#compradias","System.Object[]","187"
"¿QUIÉN TEME AL LOBO FEROZ?","OFF Latina","12,00€","System.Object[]","https://compras.abonoteatro.com/?pagename=espectaculo&eventid=75579#compradias","System.Object[]","75579"
"YA ME MORIRÉ OTRO DÍA","OFF Latina","12,00€","System.Object[]","https://compras.abonoteatro.com/?pagename=espectaculo&eventid=40946#compradias","System.Object[]","40946"
"Un paseo por Madrid","ESPACIO BROADWAY","13,00€","System.Object[]","https://compras.abonoteatro.com/?pagename=espectaculo&eventid=97290#compradias","System.Object[]","97290"
"ESCUCHAMOS Y JUZGAMOS","Espacio Hollywood","15,00€","System.Object[]","https://compras.abonoteatro.com/?pagename=espectaculo&eventid=66090#compradias","System.Object[]","66090"
"RUTA DE LOS FANTASMAS Y LEYENDAS DE GUADALAJARA","Palacio del Infantado, Guadalajara","12,00€","System.Object[]","https://compras.abonoteatro.com/?pagename=espectaculo&eventid=35387#compradias","System.Object[]","35387"
"CASANDRA","SOJO Laboratorio Teatral","10,99€","System.Object[]","https://compras.abonoteatro.com/?pagename=espectaculo&eventid=45003#compradias","System.Object[]","45003"
"DIABLURAS por David ASecAS","Sala Houdini","22,00€","System.Object[]","https://compras.abonoteatro.com/?pagename=espectaculo&eventid=72587#compradias","System.Object[]","72587"
"LO DE LOS MONÓLOGOS","Teatro Escondido Gran Vía","18,00€","System.Object[]","https://compras.abonoteatro.com/?pagename=espectaculo&eventid=34973#compradias","System.Object[]","34973"
"Perro Paco Encantado","Perro Paco","12,00€","System.Object[]","https://compras.abonoteatro.com/?pagename=espectaculo&eventid=66471#compradias","System.Object[]","66471"
"Pongamos que hablo de Madrid","Sala AZarte","14,00€","System.Object[]","https://compras.abonoteatro.com/?pagename=espectaculo&eventid=13502#compradias","System.Object[]","13502"
"VESPERA, CABARET ERÓTICO","AXEL HOTEL MADRID","20,00€","System.Object[]","https://compras.abonoteatro.com/?pagename=espectaculo&eventid=38743#compradias","System.Object[]","38743"
"Taller Crea tu Vision Board","Centro de Bienestar Vidaes","20,00€","System.Object[]","https://compras.abonoteatro.com/?pagename=espectaculo&eventid=55615#compradias","System.Object[]","55615"
"La vida me importa un huevo, en La Otra Movida","La Otra Movida","16,00€","System.Object[]","https://compras.abonoteatro.com/?pagename=espectaculo&eventid=9227#compradias","System.Object[]","9227"
"La impro de mi vida.","Black Jack Club","16,00€","System.Object[]","https://compras.abonoteatro.com/?pagename=espectaculo&eventid=12777#compradias","System.Object[]","12777"
"Carlos Martínez en Platea","Platea Café Teatro Rivas-Vaciamadrid","14,00€","System.Object[]","https://compras.abonoteatro.com/?pagename=espectaculo&eventid=45871#compradias","System.Object[]","45871"
"MUJERES, HOMBRES Y GAFAS DE CERCA","Teatro de las Aguas","12,00€","System.Object[]","https://compras.abonoteatro.com/?pagename=espectaculo&eventid=65711#compradias","System.Object[]","65711"
"¡Esto es un monólogo! de Cristina Gómez","La Otra Movida","16,00€","System.Object[]","https://compras.abonoteatro.com/?pagename=espectaculo&eventid=15658#compradias","System.Object[]","15658"
"CABARET INMERSIVO","Teatro Las Vegas","15,00€","System.Object[]","https://compras.abonoteatro.com/?pagename=espectaculo&eventid=65468#compradias","System.Object[]","65468"
"MILF (Mujer, Inteligente, Libre y Feliz)","Teatro Escondido Gran Vía","12,00€","System.Object[]","https://compras.abonoteatro.com/?pagename=espectaculo&eventid=65010#compradias","System.Object[]","65010"
"GUSTAVO BIOSCA","La Butaca Amarilla","14,00€","System.Object[]","https://compras.abonoteatro.com/?pagename=espectaculo&eventid=83594#compradias","System.Object[]","83594"
"ATELOFOBIA","SOJO Laboratorio Teatral","11,99€","System.Object[]","https://compras.abonoteatro.com/?pagename=espectaculo&eventid=58599#compradias","System.Object[]","58599"
"La caja interminable (Microteatro)","Sala Komodia","9,00€","System.Object[]","https://compras.abonoteatro.com/?pagename=espectaculo&eventid=12564#compradias","System.Object[]","12564"
"Sesión exclusiva IRON LUNG de Markiplier (VOSE)","Cines MK2 Palacio Hielo Eventos","9,50€","System.Object[]","https://compras.abonoteatro.com/?pagename=espectaculo&eventid=58021#compradias","System.Object[]","58021"
"UN ARGENTINO EN MADRID en Callao (Madrid Centro)","Black Jack Club","16,00€","System.Object[]","https://compras.abonoteatro.com/?pagename=espectaculo&eventid=34094#compradias","System.Object[]","34094"
"NOCHE DE PITOS","ESPACIO BROADWAY","15,00€","System.Object[]","https://compras.abonoteatro.com/?pagename=espectaculo&eventid=25901#compradias","System.Object[]","25901"
"PURO IMPOSIBLE","Sala Houdini","18,00€","System.Object[]","https://compras.abonoteatro.com/?pagename=espectaculo&eventid=3353#compradias","System.Object[]","3353"
"COMEDIAS MORTALES","Teatro de las Aguas","14,00€","System.Object[]","https://compras.abonoteatro.com/?pagename=espectaculo&eventid=38198#compradias","System.Object[]","38198"
"ALUCINANTE","Sala Houdini","15,00€","System.Object[]","https://compras.abonoteatro.com/?pagename=espectaculo&eventid=3477#compradias","System.Object[]","3477"
"BinGO! La noche de Nicole","AXEL HOTEL MADRID","15,00€","System.Object[]","https://compras.abonoteatro.com/?pagename=espectaculo&eventid=15354#compradias","System.Object[]","15354"
"FERNANDO EL PELAO en Platea","Platea Café Teatro Rivas-Vaciamadrid","14,00€","System.Object[]","https://compras.abonoteatro.com/?pagename=espectaculo&eventid=3480#compradias","System.Object[]","3480"
"Open Madrid","Teatro Escondido Gran Vía","9,00€","System.Object[]","https://compras.abonoteatro.com/?pagename=espectaculo&eventid=91696#compradias","System.Object[]","91696"
"EL MAGO DE OFF","OFF Latina","9,00€","System.Object[]","https://compras.abonoteatro.com/?pagename=espectaculo&eventid=62835#compradias","System.Object[]","62835"
"Ruta de senderismo interpretativo: Valle de Cuelgamuros","Plaza Ayuntamiento de Peguerinos","12,00€","System.Object[]","https://compras.abonoteatro.com/?pagename=espectaculo&eventid=49200#compradias","System.Object[]","49200"
"Tour por el Parque del Retiro","Puerta Real (Retiro)","12,50€","System.Object[]","https://compras.abonoteatro.com/?pagename=espectaculo&eventid=81504#compradias","System.Object[]","81504"
"MUSEO DE LA MAGIA - VISITA GUIADA CON MAGIA","Leyendas de la Magia (Aranjuez)","12,00€","System.Object[]","https://compras.abonoteatro.com/?pagename=espectaculo&eventid=93466#compradias","System.Object[]","93466"
"ERA CASI CASI UNA VEZ","OFF Latina","9,00€","System.Object[]","https://compras.abonoteatro.com/?pagename=espectaculo&eventid=39786#compradias","System.Object[]","39786"
"Tour Complutum Ciudad Romana","Ciudad Romana de Complutum","10,00€","System.Object[]","https://compras.abonoteatro.com/?pagename=espectaculo&eventid=65288#compradias","System.Object[]","65288"
"NUEVAS MIRADAS DE CINE ASIÁTICO","mk2 Cine Paz (Eventos)","8,50€","System.Object[]","https://compras.abonoteatro.com/?pagename=espectaculo&eventid=83188#compradias","System.Object[]","83188"
"MÁS ALLÁ DE MAKALU","La Butaca Amarilla","12,00€","System.Object[]","https://compras.abonoteatro.com/?pagename=espectaculo&eventid=53462#compradias","System.Object[]","53462"
"Sesión exclusiva: HAZ QUE PARE","mk2 Cine Paz (Eventos)","9,50€","System.Object[]","https://compras.abonoteatro.com/?pagename=espectaculo&eventid=25430#compradias","System.Object[]","25430"
"IPHONSI Y SUS MÚLTIPLES APLICACIONES","Teatro Escondido Gran Vía","15,00€","System.Object[]","https://compras.abonoteatro.com/?pagename=espectaculo&eventid=49419#compradias","System.Object[]","49419"
"Rita la mariquita","Sala de Teatro Bululú2120","12,00€","System.Object[]","https://compras.abonoteatro.com/?pagename=espectaculo&eventid=47194#compradias","System.Object[]","47194"
"EL GATO CON BOTAS DE AGUA","Sala Tarambana","11,00€","System.Object[]","https://compras.abonoteatro.com/?pagename=espectaculo&eventid=58919#compradias","System.Object[]","58919"
"DOS","Sala de Teatro Bululú2120","11,00€","System.Object[]","https://compras.abonoteatro.com/?pagename=espectaculo&eventid=12723#compradias","System.Object[]","12723"
"FANTÁSTICAMENTE BIEN","OFF Latina","14,00€","System.Object[]","https://compras.abonoteatro.com/?pagename=espectaculo&eventid=42261#compradias","System.Object[]","42261"
"TOUR ECOS DEL TOLEDO DESCONOCIDO","Plaza de Zocodover (Toledo)","12,00€","System.Object[]","https://compras.abonoteatro.com/?pagename=espectaculo&eventid=43671#compradias","System.Object[]","43671"
"CON MONTY Y A LO LOCO","Sala Houdini","15,00€","System.Object[]","https://compras.abonoteatro.com/?pagename=espectaculo&eventid=22065#compradias","System.Object[]","22065"
"LA MAGIA DE COSSANO","Platea Café Teatro Rivas-Vaciamadrid","14,00€","System.Object[]","https://compras.abonoteatro.com/?pagename=espectaculo&eventid=63500#compradias","System.Object[]","63500"
"El tardeo de la Comedia","La Otra Movida","16,00€","System.Object[]","https://compras.abonoteatro.com/?pagename=espectaculo&eventid=96876#compradias","System.Object[]","96876"
"Soy un Kiwi, en Callao","Black Jack Club","16,00€","System.Object[]","https://compras.abonoteatro.com/?pagename=espectaculo&eventid=43421#compradias","System.Object[]","43421"
"SERVICIO DE HABITACIONES","AXEL HOTEL MADRID","15,00€","System.Object[]","https://compras.abonoteatro.com/?pagename=espectaculo&eventid=18178#compradias","System.Object[]","18178"
"SWINGERS POR COMPROMISO","AXEL HOTEL MADRID","15,00€","System.Object[]","https://compras.abonoteatro.com/?pagename=espectaculo&eventid=88672#compradias","System.Object[]","88672"
"FUGAZ, POR JAVIER LUXOR","OFF Latina","12,00€","System.Object[]","https://compras.abonoteatro.com/?pagename=espectaculo&eventid=4003#compradias","System.Object[]","4003"
"NI AUNQUE LA MUERTE NOS SEPARE","AXEL HOTEL MADRID","15,00€","System.Object[]","https://compras.abonoteatro.com/?pagename=espectaculo&eventid=78990#compradias","System.Object[]","78990"
"ESTO ES HOLLYWOOD","Espacio Hollywood","15,00€","System.Object[]","https://compras.abonoteatro.com/?pagename=espectaculo&eventid=42836#compradias","System.Object[]","42836"
"Criptobro, en Atocha","Parada 42","16,00€","System.Object[]","https://compras.abonoteatro.com/?pagename=espectaculo&eventid=76375#compradias","System.Object[]","76375"
"VISTO Y NO VISTO - Magia con Álvaro","OFF Latina","12,00€","System.Object[]","https://compras.abonoteatro.com/?pagename=espectaculo&eventid=81250#compradias","System.Object[]","81250"
"EUGE RUIZ, INCOMODA","AXEL HOTEL MADRID","10,00€","System.Object[]","https://compras.abonoteatro.com/?pagename=espectaculo&eventid=55918#compradias","System.Object[]","55918"
"LA OREJA DE VAN GOGH: EL TRIBUTO","Yasta Club","12,00€","System.Object[]","https://compras.abonoteatro.com/?pagename=espectaculo&eventid=49475#compradias","System.Object[]","49475"
"NACHO PUNTO G","Platea Café Teatro Rivas-Vaciamadrid","14,00€","System.Object[]","https://compras.abonoteatro.com/?pagename=espectaculo&eventid=3639#compradias","System.Object[]","3639"
"Adictos a la Comedia en San Sebastián de los Reyes","Monkey Rock","16,00€","System.Object[]","https://compras.abonoteatro.com/?pagename=espectaculo&eventid=96057#compradias","System.Object[]","96057"
"Monólogos en San Sebastián de los Reyes","Monkey Rock","16,00€","System.Object[]","https://compras.abonoteatro.com/?pagename=espectaculo&eventid=55882#compradias","System.Object[]","55882"
"Las Encantadoras Ilusiones","La Caníbal Fábrica de Cerveza","12,00€","System.Object[]","https://compras.abonoteatro.com/?pagename=espectaculo&eventid=41785#compradias","System.Object[]","41785"
"MAGIA PARA ADULTOS","Leyendas de la Magia (Aranjuez)","12,00€","System.Object[]","https://compras.abonoteatro.com/?pagename=espectaculo&eventid=18819#compradias","System.Object[]","18819"
"Mamá ya no paga el alquiler, en Callao","Black Jack Club","16,00€","System.Object[]","https://compras.abonoteatro.com/?pagename=espectaculo&eventid=69763#compradias","System.Object[]","69763"
"Smiley","Sala AZarte","16,00€","System.Object[]","https://compras.abonoteatro.com/?pagename=espectaculo&eventid=46669#compradias","System.Object[]","46669"
"LA PEPA ESTÁ QUE SE SALE","Teatro de las Aguas","12,00€","System.Object[]","https://compras.abonoteatro.com/?pagename=espectaculo&eventid=17295#compradias","System.Object[]","17295"
"EL BANCO DE SARAH SANDERS","OFF Latina","12,00€","System.Object[]","https://compras.abonoteatro.com/?pagename=espectaculo&eventid=43043#compradias","System.Object[]","43043"
"¡IMPOSIBLE! JAVIER LUXOR","OFF Latina","16,00€","System.Object[]","https://compras.abonoteatro.com/?pagename=espectaculo&eventid=3992#compradias","System.Object[]","3992"
"LAS TRENZADORAS","SOJO Laboratorio Teatral","10,99€","System.Object[]","https://compras.abonoteatro.com/?pagename=espectaculo&eventid=49158#compradias","System.Object[]","49158"
"Rebobinando Cassette | Show-Fiesta Años 80","Homerun Gallery (Discoteca)","12,00€","System.Object[]","https://compras.abonoteatro.com/?pagename=espectaculo&eventid=11646#compradias","System.Object[]","11646"
"Hazme Reir","Teatro Escondido Gran Vía","10,00€","System.Object[]","https://compras.abonoteatro.com/?pagename=espectaculo&eventid=62040#compradias","System.Object[]","62040"
"EL RESCATE","OFF Latina","12,00€","System.Object[]","https://compras.abonoteatro.com/?pagename=espectaculo&eventid=58483#compradias","System.Object[]","58483"
"Las ventajas de conocerse","Sala de Teatro Bululú2120","16,00€","System.Object[]","https://compras.abonoteatro.com/?pagename=espectaculo&eventid=80297#compradias","System.Object[]","80297"
"JOSEBA","Platea Café Teatro Rivas-Vaciamadrid","14,00€","System.Object[]","https://compras.abonoteatro.com/?pagename=espectaculo&eventid=3481#compradias","System.Object[]","3481"
"Distopía y astigmatismo","La Otra Movida","16,00€","System.Object[]","https://compras.abonoteatro.com/?pagename=espectaculo&eventid=28822#compradias","System.Object[]","28822"
"CANTA Y GANA","ESPACIO BROADWAY","15,00€","System.Object[]","https://compras.abonoteatro.com/?pagename=espectaculo&eventid=46128#compradias","System.Object[]","46128"
"ARTIGA","Sala Tarambana","14,00€","System.Object[]","https://compras.abonoteatro.com/?pagename=espectaculo&eventid=29212#compradias","System.Object[]","29212"
"BUENAZO","Parada 42","16,00€","System.Object[]","https://compras.abonoteatro.com/?pagename=espectaculo&eventid=97974#compradias","System.Object[]","97974"
"MUSICAL CINE INMERSIVO","Teatro Las Vegas","15,00€","System.Object[]","https://compras.abonoteatro.com/?pagename=espectaculo&eventid=1528#compradias","System.Object[]","1528"
"EL ENCUESTADOR","OFF Latina","12,00€","System.Object[]","https://compras.abonoteatro.com/?pagename=espectaculo&eventid=79337#compradias","System.Object[]","79337"
"NOCHE DE COÑOS","ESPACIO BROADWAY","15,00€","System.Object[]","https://compras.abonoteatro.com/?pagename=espectaculo&eventid=11488#compradias","System.Object[]","11488"
"Croquetas de Cocido","La Otra Movida","16,00€","System.Object[]","https://compras.abonoteatro.com/?pagename=espectaculo&eventid=79266#compradias","System.Object[]","79266"
"¡CON EL CABLE PELAO!","Teatro de las Aguas","10,00€","System.Object[]","https://compras.abonoteatro.com/?pagename=espectaculo&eventid=89390#compradias","System.Object[]","89390"
"BROCHETA en Platea","Platea Café Teatro Rivas-Vaciamadrid","14,00€","System.Object[]","https://compras.abonoteatro.com/?pagename=espectaculo&eventid=3130#compradias","System.Object[]","3130"
"HUMOR MADE IN ANDALUCIA","La Butaca Amarilla","14,00€","System.Object[]","https://compras.abonoteatro.com/?pagename=espectaculo&eventid=38809#compradias","System.Object[]","38809"
"MAGIA, HUMOR Y LO QUE SURJA","Sala Houdini","20,00€","System.Object[]","https://compras.abonoteatro.com/?pagename=espectaculo&eventid=3603#compradias","System.Object[]","3603"
"EXTASIS, erotic gay cabaret show","AXEL HOTEL MADRID","18,00€","System.Object[]","https://compras.abonoteatro.com/?pagename=espectaculo&eventid=54778#compradias","System.Object[]","54778"
"Yo solo quería un pancito - Tati Cirese","Teatro Escondido Gran Vía","9,00€","System.Object[]","https://compras.abonoteatro.com/?pagename=espectaculo&eventid=44066#compradias","System.Object[]","44066"
"Peter vs Garfio","Sala Komodia","12,00€","System.Object[]","https://compras.abonoteatro.com/?pagename=espectaculo&eventid=96399#compradias","System.Object[]","96399"
"LOS CUENTOS DE LA GRANJA","OFF Latina","9,00€","System.Object[]","https://compras.abonoteatro.com/?pagename=espectaculo&eventid=48217#compradias","System.Object[]","48217"
"Trail running miradores El Escorial","Bar Avenida Robledondo","20,00€","System.Object[]","https://compras.abonoteatro.com/?pagename=espectaculo&eventid=76438#compradias","System.Object[]","76438"
"TOUR POR EL PASAJE DE LA LUZ - MADRID","Plaza Cibeles (Puerta del Ayuntamiento)","12,50€","System.Object[]","https://compras.abonoteatro.com/?pagename=espectaculo&eventid=50854#compradias","System.Object[]","50854"
"Tour por el Madrid del Siglo de Oro","Fuente de Orfeo","12,50€","System.Object[]","https://compras.abonoteatro.com/?pagename=espectaculo&eventid=72109#compradias","System.Object[]","72109"
"THE NIGHTMARE BIRTHDAY SURPRISE","Sala Komodia","9,00€","System.Object[]","https://compras.abonoteatro.com/?pagename=espectaculo&eventid=9369#compradias","System.Object[]","9369"
"AVENTURAS DE PIRATAS","Teatro de las Aguas","9,00€","System.Object[]","https://compras.abonoteatro.com/?pagename=espectaculo&eventid=12856#compradias","System.Object[]","12856"
"Magia Para Tod@s","Sala Houdini","12,00€","System.Object[]","https://compras.abonoteatro.com/?pagename=espectaculo&eventid=3479#compradias","System.Object[]","3479"
"STRÉPITO","La Butaca Amarilla","12,00€","System.Object[]","https://compras.abonoteatro.com/?pagename=espectaculo&eventid=35558#compradias","System.Object[]","35558"
"Andrés Cañadas en Platea","Platea Café Teatro Rivas-Vaciamadrid","14,00€","System.Object[]","https://compras.abonoteatro.com/?pagename=espectaculo&eventid=91916#compradias","System.Object[]","91916"
"El mago del futuro - Mago Vic","Teatro Escondido Gran Vía","16,00€","System.Object[]","https://compras.abonoteatro.com/?pagename=espectaculo&eventid=77540#compradias","System.Object[]","77540"
"El Show de Boto Botones y Mandy Mandona","Sala Komodia","12,00€","System.Object[]","https://compras.abonoteatro.com/?pagename=espectaculo&eventid=75858#compradias","System.Object[]","75858"
"UNA INFANCIA MÁGICA","Teatro Escondido Gran Vía","15,00€","System.Object[]","https://compras.abonoteatro.com/?pagename=espectaculo&eventid=19509#compradias","System.Object[]","19509"
"MAGIA VS CIENCIA","Teatro Escondido Gran Vía","15,00€","System.Object[]","https://compras.abonoteatro.com/?pagename=espectaculo&eventid=12987#compradias","System.Object[]","12987"
"Monólogos al Vermut","La Parroquia del Humor","16,00€","System.Object[]","https://compras.abonoteatro.com/?pagename=espectaculo&eventid=439#compradias","System.Object[]","439"
"DISNEY HITS: REVIVE LOS ÉXITOS DE TU INFANCIA","ESPACIO BROADWAY","10,00€","System.Object[]","https://compras.abonoteatro.com/?pagename=espectaculo&eventid=59528#compradias","System.Object[]","59528"
"GLORIAS BENDITAS","OFF Latina","10,00€","System.Object[]","https://compras.abonoteatro.com/?pagename=espectaculo&eventid=96421#compradias","System.Object[]","96421"
"SALVEMOS LOS CUENTOS","OFF Latina","12,00€","System.Object[]","https://compras.abonoteatro.com/?pagename=espectaculo&eventid=93647#compradias","System.Object[]","93647"
"Madame Blablasky","OFF Latina","12,00€","System.Object[]","https://compras.abonoteatro.com/?pagename=espectaculo&eventid=62801#compradias","System.Object[]","62801"
"KOWALSKI EL MAGO","OFF Latina","10,00€","System.Object[]","https://compras.abonoteatro.com/?pagename=espectaculo&eventid=36253#compradias","System.Object[]","36253"
"BINGO RISA","Platea Café Teatro Rivas-Vaciamadrid","14,00€","System.Object[]","https://compras.abonoteatro.com/?pagename=espectaculo&eventid=38372#compradias","System.Object[]","38372"
"A RITMO DE COPLA","ESPACIO BROADWAY","12,00€","System.Object[]","https://compras.abonoteatro.com/?pagename=espectaculo&eventid=52113#compradias","System.Object[]","52113"
"CARRETERA Y MAGIA FAMILIAR","Leyendas de la Magia (Aranjuez)","12,00€","System.Object[]","https://compras.abonoteatro.com/?pagename=espectaculo&eventid=77811#compradias","System.Object[]","77811"
"Adulto en práctica, abuelo en serio","La Otra Movida","16,00€","System.Object[]","https://compras.abonoteatro.com/?pagename=espectaculo&eventid=66051#compradias","System.Object[]","66051"
"Tarde de Hipnosis","Casa Zamora","15,00€","System.Object[]","https://compras.abonoteatro.com/?pagename=espectaculo&eventid=82990#compradias","System.Object[]","82990"
"VIRGENES Y PODEROSAS","OFF Latina","14,00€","System.Object[]","https://compras.abonoteatro.com/?pagename=espectaculo&eventid=43012#compradias","System.Object[]","43012"
"Espectaculoso, la magia de lo imposible","Blackstar","20,00€","System.Object[]","https://compras.abonoteatro.com/?pagename=espectaculo&eventid=79203#compradias","System.Object[]","79203"
"ADICTOS A LA MAGIA","Monkey Rock","14,00€","System.Object[]","https://compras.abonoteatro.com/?pagename=espectaculo&eventid=58044#compradias","System.Object[]","58044"
"ME VEO EN WALLAPOP - DIEGO ARJONA","Sala Houdini","18,00€","System.Object[]","https://compras.abonoteatro.com/?pagename=espectaculo&eventid=45078#compradias","System.Object[]","45078"
"LA LECCIÓN","OFF Latina","12,00€","System.Object[]","https://compras.abonoteatro.com/?pagename=espectaculo&eventid=35709#compradias","System.Object[]","35709"
"PLAN B","Sala Komodia","12,00€","System.Object[]","https://compras.abonoteatro.com/?pagename=espectaculo&eventid=14953#compradias","System.Object[]","14953"
"Oniria: Hipnosis con Alex Ruiz","Teatro Escondido Gran Vía","10,00€","System.Object[]","https://compras.abonoteatro.com/?pagename=espectaculo&eventid=26386#compradias","System.Object[]","26386"
"Magia de Cerca…muy de Cerca","Sala Houdini","15,00€","System.Object[]","https://compras.abonoteatro.com/?pagename=espectaculo&eventid=72992#compradias","System.Object[]","72992"
"PERO CÓMO VOY A SER RACISTA SI MI GATO ES NEGRO","AXEL HOTEL MADRID","15,00€","System.Object[]","https://compras.abonoteatro.com/?pagename=espectaculo&eventid=28154#compradias","System.Object[]","28154"
"New York New York: Revive los éxitos de Broadway","ESPACIO BROADWAY","15,00€","System.Object[]","https://compras.abonoteatro.com/?pagename=espectaculo&eventid=57704#compradias","System.Object[]","57704"
"CADÁVER NO TAN EXQUISITO","La Butaca Amarilla","14,00€","System.Object[]","https://compras.abonoteatro.com/?pagename=espectaculo&eventid=62345#compradias","System.Object[]","62345"
"Las niñas de Humenné","Nave 73","16,00€","System.Object[]","https://compras.abonoteatro.com/?pagename=espectaculo&eventid=70786#compradias","System.Object[]","70786"
"SIN SECUELAS APARENTES","La Otra Movida","16,00€","System.Object[]","https://compras.abonoteatro.com/?pagename=espectaculo&eventid=22987#compradias","System.Object[]","22987"
"LA TAROTISTA","OFF Latina","12,00€","System.Object[]","https://compras.abonoteatro.com/?pagename=espectaculo&eventid=74278#compradias","System.Object[]","74278"
"OLIMPIADRAGS","Yasta Club","15,00€","System.Object[]","https://compras.abonoteatro.com/?pagename=espectaculo&eventid=87141#compradias","System.Object[]","87141"
"NOCHES ENCENDIDAS","Espacio Hollywood","12,00€","System.Object[]","https://compras.abonoteatro.com/?pagename=espectaculo&eventid=89421#compradias","System.Object[]","89421"
"ESTÁN TODOS AQUÍ","SOJO Laboratorio Teatral","11,99€","System.Object[]","https://compras.abonoteatro.com/?pagename=espectaculo&eventid=50846#compradias","System.Object[]","50846"
"TAMPOCO ES PARA TANTO en Callao","Black Jack Club","16,00€","System.Object[]","https://compras.abonoteatro.com/?pagename=espectaculo&eventid=59494#compradias","System.Object[]","59494"
"JORGE MULLALLO","La Butaca Amarilla","14,00€","System.Object[]","https://compras.abonoteatro.com/?pagename=espectaculo&eventid=25236#compradias","System.Object[]","25236"
"EL ELEFANTE","OFF Latina","14,00€","System.Object[]","https://compras.abonoteatro.com/?pagename=espectaculo&eventid=20626#compradias","System.Object[]","20626"
"SPOILER: te vas a reír","AXEL HOTEL MADRID","15,00€","System.Object[]","https://compras.abonoteatro.com/?pagename=espectaculo&eventid=26210#compradias","System.Object[]","26210"
"MOTOMAMI: TRIBUTO A ROSALIA","ESPACIO BROADWAY","12,00€","System.Object[]","https://compras.abonoteatro.com/?pagename=espectaculo&eventid=86765#compradias","System.Object[]","86765"
"SWEET SPACE MUSEUM – MARZO","SWEET SPACE MUSEUM","12,65€","System.Object[]","https://compras.abonoteatro.com/?pagename=espectaculo&eventid=56441#compradias","System.Object[]","56441"
"EN FUENGIROLA: MK2 CINESUR MIRAMAR","mk2 Cinesur Miramar Fuengirola","9,00€","System.Object[]","https://compras.abonoteatro.com/?pagename=espectaculo&eventid=83251#compradias","System.Object[]","83251"
"EN VÉLEZ-MÁLAGA: MK2 CINESUR EL INGENIO","mk2 Cinesur El Ingenio","9,00€","System.Object[]","https://compras.abonoteatro.com/?pagename=espectaculo&eventid=22429#compradias","System.Object[]","22429"
"TALLER MEDITACIÓN PARA EL BIENESTAR EMOCIONAL","Centro de Bienestar Vidaes","20,00€","System.Object[]","https://compras.abonoteatro.com/?pagename=espectaculo&eventid=64553#compradias","System.Object[]","64553"
"Sesión exclusiva: SESIÓN SECRETA (V.O.S.E.)","Centro Comercial Luz del Tajo","9,50€","System.Object[]","https://compras.abonoteatro.com/?pagename=espectaculo&eventid=97470#compradias","System.Object[]","97470"
"Sesión exclusiva: SESIÓN SECRETA (V.O.S.E.)","Cines MK2 Palacio Hielo Eventos","9,50€","System.Object[]","https://compras.abonoteatro.com/?pagename=espectaculo&eventid=59919#compradias","System.Object[]","59919"
"LAS MODISTAS","Teatro de las Aguas","12,00€","System.Object[]","https://compras.abonoteatro.com/?pagename=espectaculo&eventid=72193#compradias","System.Object[]","72193"
"MAMÁS","OFF Latina","12,00€","System.Object[]","https://compras.abonoteatro.com/?pagename=espectaculo&eventid=24386#compradias","System.Object[]","24386"
"Historias desde el Magi-Allá 2.0.","Sala Houdini","15,00€","System.Object[]","https://compras.abonoteatro.com/?pagename=espectaculo&eventid=3830#compradias","System.Object[]","3830"
"DISFRUTA…MAGIA MENTAL","LA ESCALERA DE JACOB","10,00€","System.Object[]","https://compras.abonoteatro.com/?pagename=espectaculo&eventid=57914#compradias","System.Object[]","57914"
"LA NUIT","OFF Latina","12,00€","System.Object[]","https://compras.abonoteatro.com/?pagename=espectaculo&eventid=36503#compradias","System.Object[]","36503"
"DIVORCIADOS AL BORDE DE UN ATAQUE DE NERVIOS","Teatro de las Aguas","12,00€","System.Object[]","https://compras.abonoteatro.com/?pagename=espectaculo&eventid=62247#compradias","System.Object[]","62247"
"¿Y TÚ QUÉ BUSCAS?","SOJO Laboratorio Teatral","10,00€","System.Object[]","https://compras.abonoteatro.com/?pagename=espectaculo&eventid=88682#compradias","System.Object[]","88682"
"HOTEL LA FUGA","Sala de Teatro Bululú2120","16,00€","System.Object[]","https://compras.abonoteatro.com/?pagename=espectaculo&eventid=94075#compradias","System.Object[]","94075"
"UN MILLÓN DE CADÁVERES","Sala Tarambana","14,00€","System.Object[]","https://compras.abonoteatro.com/?pagename=espectaculo&eventid=47140#compradias","System.Object[]","47140"
"TOUR POR EL MADRID MASÓNICO","Fuente de Orfeo","12,50€","System.Object[]","https://compras.abonoteatro.com/?pagename=espectaculo&eventid=45160#compradias","System.Object[]","45160"
"PRE ESTRENO","OFF Latina","14,00€","System.Object[]","https://compras.abonoteatro.com/?pagename=espectaculo&eventid=75354#compradias","System.Object[]","75354"
"PUZZLE","Espacio Hollywood","10,00€","System.Object[]","https://compras.abonoteatro.com/?pagename=espectaculo&eventid=62861#compradias","System.Object[]","62861"
"TAROT COMEDY","Espacio Hollywood","12,00€","System.Object[]","https://compras.abonoteatro.com/?pagename=espectaculo&eventid=58061#compradias","System.Object[]","58061"
"DON QUIJOTE, LO QUE SOY, LO QUE HE DE SER","Teatro de las Aguas","12,00€","System.Object[]","https://compras.abonoteatro.com/?pagename=espectaculo&eventid=67326#compradias","System.Object[]","67326"
"VIVA EL POP ESPAÑOL","ESPACIO BROADWAY","15,00€","System.Object[]","https://compras.abonoteatro.com/?pagename=espectaculo&eventid=94027#compradias","System.Object[]","94027"
"LA ZARZAMORA, TRIBUTO A LAS DIVAS ESPAÑOLAS","Espacio Hollywood","12,00€","System.Object[]","https://compras.abonoteatro.com/?pagename=espectaculo&eventid=45720#compradias","System.Object[]","45720"
"MAGIA MODERNA - Mago Chap","Teatro Escondido Gran Vía","12,00€","System.Object[]","https://compras.abonoteatro.com/?pagename=espectaculo&eventid=86141#compradias","System.Object[]","86141"
"CANTA BINGO","Yasta Club","15,00€","System.Object[]","https://compras.abonoteatro.com/?pagename=espectaculo&eventid=36505#compradias","System.Object[]","36505"
"APRETA\'O PERO CONTENTAS","ESPACIO BROADWAY","15,00€","System.Object[]","https://compras.abonoteatro.com/?pagename=espectaculo&eventid=97436#compradias","System.Object[]","97436"
"DESPERTAR JUNTO A LILITH","La Butaca Amarilla","14,00€","System.Object[]","https://compras.abonoteatro.com/?pagename=espectaculo&eventid=71571#compradias","System.Object[]","71571"
"EL SEXOLOGO DEL HUMOR","Espacio Hollywood","10,00€","System.Object[]","https://compras.abonoteatro.com/?pagename=espectaculo&eventid=13983#compradias","System.Object[]","13983"
"Ruta Ciclista por la naturaleza","Oficina de Turismo","12,00€","System.Object[]","https://compras.abonoteatro.com/?pagename=espectaculo&eventid=14063#compradias","System.Object[]","14063"
"TOUR AMORIOS DE LA REALEZA - MADRID","Fuente de Orfeo","12,50€","System.Object[]","https://compras.abonoteatro.com/?pagename=espectaculo&eventid=63416#compradias","System.Object[]","63416"
"ÁVILA MONUMENTAL","Ávila","12,00€","System.Object[]","https://compras.abonoteatro.com/?pagename=espectaculo&eventid=73458#compradias","System.Object[]","73458"
"Tour Jardines del Príncipe de Aranjuez","Jardín del Príncipe","12,00€","System.Object[]","https://compras.abonoteatro.com/?pagename=espectaculo&eventid=45279#compradias","System.Object[]","45279"
"EL BAUL DEL ABUELO","La Butaca Amarilla","12,00€","System.Object[]","https://compras.abonoteatro.com/?pagename=espectaculo&eventid=61274#compradias","System.Object[]","61274"
"ABERRANTES","SOJO Laboratorio Teatral","11,99€","System.Object[]","https://compras.abonoteatro.com/?pagename=espectaculo&eventid=72936#compradias","System.Object[]","72936"
"Sesión exclusiva: LA BODA","mk2 Cine Paz (Eventos)","9,50€","System.Object[]","https://compras.abonoteatro.com/?pagename=espectaculo&eventid=80744#compradias","System.Object[]","80744"
"Visita Castillo-Palacio de Magalia","Castillo-Palacio de Magalia","12,00€","System.Object[]","https://compras.abonoteatro.com/?pagename=espectaculo&eventid=82508#compradias","System.Object[]","82508"
"GOT MAGIC DE DAVID ROY","Cines MK2 Palacio Hielo Eventos","12,00€","System.Object[]","https://compras.abonoteatro.com/?pagename=espectaculo&eventid=46421#compradias","System.Object[]","46421"
"JACKY, UNA HISTORIA DE PIRATAS","La Butaca Amarilla","12,00€","System.Object[]","https://compras.abonoteatro.com/?pagename=espectaculo&eventid=28202#compradias","System.Object[]","28202"
"EL REENCUENTRO","Teatro de las Aguas","12,00€","System.Object[]","https://compras.abonoteatro.com/?pagename=espectaculo&eventid=68003#compradias","System.Object[]","68003"
"Ilusos Magos","Platea Café Teatro Rivas-Vaciamadrid","14,00€","System.Object[]","https://compras.abonoteatro.com/?pagename=espectaculo&eventid=83741#compradias","System.Object[]","83741"
"NANANDO","Sala de Teatro Bululú2120","12,00€","System.Object[]","https://compras.abonoteatro.com/?pagename=espectaculo&eventid=25633#compradias","System.Object[]","25633"
"Tributo a Mecano","ESPACIO BROADWAY","12,00€","System.Object[]","https://compras.abonoteatro.com/?pagename=espectaculo&eventid=46841#compradias","System.Object[]","46841"
"SUFRE MAMÓN: EL TRIBUTO A HOMBRES G","Yasta Club","12,00€","System.Object[]","https://compras.abonoteatro.com/?pagename=espectaculo&eventid=93891#compradias","System.Object[]","93891"
"VACIADA","Teatro Tyl Tyl (Navalcarnero)","15,00€","System.Object[]","https://compras.abonoteatro.com/?pagename=espectaculo&eventid=68465#compradias","System.Object[]","68465"
"NO SOY YO, ERES TU - Humor de Parejas","Teatro Escondido Gran Vía","12,00€","System.Object[]","https://compras.abonoteatro.com/?pagename=espectaculo&eventid=10835#compradias","System.Object[]","10835"
"LAS GAYSHAS","OFF Latina","21,00€","System.Object[]","https://compras.abonoteatro.com/?pagename=espectaculo&eventid=55087#compradias","System.Object[]","55087"
"A TODO RITMO","ESPACIO BROADWAY","15,00€","System.Object[]","https://compras.abonoteatro.com/?pagename=espectaculo&eventid=14200#compradias","System.Object[]","14200"
"ÁLVARO SEKO en Platea","Platea Café Teatro Rivas-Vaciamadrid","14,00€","System.Object[]","https://compras.abonoteatro.com/?pagename=espectaculo&eventid=3470#compradias","System.Object[]","3470"
"INCOMODA DE EUGE RUIZ","Espacio Hollywood","10,00€","System.Object[]","https://compras.abonoteatro.com/?pagename=espectaculo&eventid=94192#compradias","System.Object[]","94192"
"CALCÁREA","SOJO Laboratorio Teatral","10,00€","System.Object[]","https://compras.abonoteatro.com/?pagename=espectaculo&eventid=37727#compradias","System.Object[]","37727"
"Cachiporri en Platea","Platea Café Teatro Rivas-Vaciamadrid","14,00€","System.Object[]","https://compras.abonoteatro.com/?pagename=espectaculo&eventid=42903#compradias","System.Object[]","42903"
"JUANKA- NEURONA","La Butaca Amarilla","14,00€","System.Object[]","https://compras.abonoteatro.com/?pagename=espectaculo&eventid=58502#compradias","System.Object[]","58502"
"VISITA A LA GANADERÍA LA MARQUESA DE LAS NAVAS","Navas del Marqués","12,00€","System.Object[]","https://compras.abonoteatro.com/?pagename=espectaculo&eventid=13496#compradias","System.Object[]","13496"
"LA MANSIÓN ENCANTADA... DE CONOCERTE.","Cines MK2 Palacio Hielo Eventos","10,00€","System.Object[]","https://compras.abonoteatro.com/?pagename=espectaculo&eventid=25037#compradias","System.Object[]","25037"
"LA MAGIA EXISTE","SOJO Laboratorio Teatral","9,99€","System.Object[]","https://compras.abonoteatro.com/?pagename=espectaculo&eventid=97875#compradias","System.Object[]","97875"
"Show directo: 7th JAZZ: CANCIONES DE OSCAR","mk2 Cine Paz (Eventos)","15,00€","System.Object[]","https://compras.abonoteatro.com/?pagename=espectaculo&eventid=82806#compradias","System.Object[]","82806"
"MAGO SERGIO REYES","Platea Café Teatro Rivas-Vaciamadrid","14,00€","System.Object[]","https://compras.abonoteatro.com/?pagename=espectaculo&eventid=4127#compradias","System.Object[]","4127"
"Pablo y su estrella","Teatro Tyl Tyl (Navalcarnero)","10,00€","System.Object[]","https://compras.abonoteatro.com/?pagename=espectaculo&eventid=65745#compradias","System.Object[]","65745"
"FOLKLÓRICAS: TRIBUTO A LAS MÁS GRANDES","ESPACIO BROADWAY","12,00€","System.Object[]","https://compras.abonoteatro.com/?pagename=espectaculo&eventid=58961#compradias","System.Object[]","58961"
"Mr. Mola","Espacio Ronda","18,00€","System.Object[]","https://compras.abonoteatro.com/?pagename=espectaculo&eventid=421#compradias","System.Object[]","421"
"GUARNICIÓN DE MENTIRAS","La Butaca Amarilla","14,00€","System.Object[]","https://compras.abonoteatro.com/?pagename=espectaculo&eventid=83986#compradias","System.Object[]","83986"
"LA FLOR DE LA HABANA","Teatro de las Aguas","12,00€","System.Object[]","https://compras.abonoteatro.com/?pagename=espectaculo&eventid=44404#compradias","System.Object[]","44404"
"MIGUEL BOSÉ, TRIBUTO A UNA LEYENDA","ESPACIO BROADWAY","12,00€","System.Object[]","https://compras.abonoteatro.com/?pagename=espectaculo&eventid=34074#compradias","System.Object[]","34074"
"OSCAR BAREZ","La Butaca Amarilla","14,00€","System.Object[]","https://compras.abonoteatro.com/?pagename=espectaculo&eventid=13746#compradias","System.Object[]","13746"
"TOUR DE CINE Y SERIES","Fuente de Orfeo","12,50€","System.Object[]","https://compras.abonoteatro.com/?pagename=espectaculo&eventid=44752#compradias","System.Object[]","44752"
"OVEJAS NEGRAS","SOJO Laboratorio Teatral","10,99€","System.Object[]","https://compras.abonoteatro.com/?pagename=espectaculo&eventid=86965#compradias","System.Object[]","86965"
"TOUR ARANJUEZ NOCTURNO MISTERIOS Y LEYENDAS","Aranjuez","12,00€","System.Object[]","https://compras.abonoteatro.com/?pagename=espectaculo&eventid=73758#compradias","System.Object[]","73758"
"A MI MANERA","SOJO Laboratorio Teatral","10,99€","System.Object[]","https://compras.abonoteatro.com/?pagename=espectaculo&eventid=43078#compradias","System.Object[]","43078"
"Sujétame el micrófono","Sala Komodia","12,00€","System.Object[]","https://compras.abonoteatro.com/?pagename=espectaculo&eventid=57450#compradias","System.Object[]","57450"
"AQUELARRE DE HUMOR en Platea","Platea Café Teatro Rivas-Vaciamadrid","14,00€","System.Object[]","https://compras.abonoteatro.com/?pagename=espectaculo&eventid=37808#compradias","System.Object[]","37808"
"MIGUEL SINCERO","La Butaca Amarilla","14,00€","System.Object[]","https://compras.abonoteatro.com/?pagename=espectaculo&eventid=46335#compradias","System.Object[]","46335"
"TALLER DE ENTRENAMIENTO PARA LA SALUD Y EL ESTILO DE VIDA “EMPIEZA A CUIDARTE”","Feel Strong (Navalcarnero)","20,00€","System.Object[]","https://compras.abonoteatro.com/?pagename=espectaculo&eventid=67065#compradias","System.Object[]","67065"
"TOUR A BRIHUEGA","Parque de María Cristina","12,00€","System.Object[]","https://compras.abonoteatro.com/?pagename=espectaculo&eventid=74176#compradias","System.Object[]","74176"
"Senderos del Cofio, Valdemaqueda","Plaza Ayuntamiento de Valdemaqueda","20,00€","System.Object[]","https://compras.abonoteatro.com/?pagename=espectaculo&eventid=30877#compradias","System.Object[]","30877"
"RUTA POR CHINCHÓN","Convento de las Clarisas","15,00€","System.Object[]","https://compras.abonoteatro.com/?pagename=espectaculo&eventid=76297#compradias","System.Object[]","76297"
"ANDRÉS CAÑADAS","La Butaca Amarilla","12,00€","System.Object[]","https://compras.abonoteatro.com/?pagename=espectaculo&eventid=4670#compradias","System.Object[]","4670"
"Molinos y Senderos del Agua, Hoyo de Pinares","Piscina municipal la perdiguera","20,00€","System.Object[]","https://compras.abonoteatro.com/?pagename=espectaculo&eventid=59343#compradias","System.Object[]","59343"
"La principita","Sala de Teatro Bululú2120","12,00€","System.Object[]","https://compras.abonoteatro.com/?pagename=espectaculo&eventid=61260#compradias","System.Object[]","61260"
"WOW Alucina en Familia","Sala Komodia","12,00€","System.Object[]","https://compras.abonoteatro.com/?pagename=espectaculo&eventid=8751#compradias","System.Object[]","8751"
"MAMMA MIA: TRIBUTO A ABBA","Yasta Club","12,00€","System.Object[]","https://compras.abonoteatro.com/?pagename=espectaculo&eventid=18472#compradias","System.Object[]","18472"
"Raul Navareño","Platea Café Teatro Rivas-Vaciamadrid","14,00€","System.Object[]","https://compras.abonoteatro.com/?pagename=espectaculo&eventid=3056#compradias","System.Object[]","3056"
"SOLO AMALIO","La Butaca Amarilla","14,00€","System.Object[]","https://compras.abonoteatro.com/?pagename=espectaculo&eventid=33695#compradias","System.Object[]","33695"
"AnorMala","OFF Latina","12,00€","System.Object[]","https://compras.abonoteatro.com/?pagename=espectaculo&eventid=20339#compradias","System.Object[]","20339"
"ZALAMERIAS","Arte Olimpia Embajadores","15,00€","System.Object[]","https://compras.abonoteatro.com/?pagename=espectaculo&eventid=34696#compradias","System.Object[]","34696"
"BROCHETA - MONÓLOGO","La Butaca Amarilla","14,00€","System.Object[]","https://compras.abonoteatro.com/?pagename=espectaculo&eventid=38055#compradias","System.Object[]","38055"
"MIGUEL SINCERO en Platea","Platea Café Teatro Rivas-Vaciamadrid","14,00€","System.Object[]","https://compras.abonoteatro.com/?pagename=espectaculo&eventid=3955#compradias","System.Object[]","3955"
"LA DANZA MACABRA","SOJO Laboratorio Teatral","10,99€","System.Object[]","https://compras.abonoteatro.com/?pagename=espectaculo&eventid=85472#compradias","System.Object[]","85472"
"PARES SUELTOS","La Butaca Amarilla","14,00€","System.Object[]","https://compras.abonoteatro.com/?pagename=espectaculo&eventid=17003#compradias","System.Object[]","17003"
"RUTA DESDE ARANJUEZ CAMINANDO HASTA EL CORTIJO DE SAN ISIDRO","Jardín del Príncipe","15,00€","System.Object[]","https://compras.abonoteatro.com/?pagename=espectaculo&eventid=18698#compradias","System.Object[]","18698"
"Ruta de la Mariposa Isabelina, Peguerinos","Plaza Ayuntamiento de Peguerinos","20,00€","System.Object[]","https://compras.abonoteatro.com/?pagename=espectaculo&eventid=8855#compradias","System.Object[]","8855"
"EL PRINCIPITO","Teatro de las Aguas","9,00€","System.Object[]","https://compras.abonoteatro.com/?pagename=espectaculo&eventid=39545#compradias","System.Object[]","39545"
"TOUR POR LOS MURALES CERÁMICOS","Plaza del Pan (Talavera de la Reina)","12,50€","System.Object[]","https://compras.abonoteatro.com/?pagename=espectaculo&eventid=87029#compradias","System.Object[]","87029"
"Tour por San Lorenzo del Escorial","Ayuntamiento de San Lorenzo de El Escorial","12,50€","System.Object[]","https://compras.abonoteatro.com/?pagename=espectaculo&eventid=68226#compradias","System.Object[]","68226"
"LA PRINCIPITA","Cines MK2 Palacio Hielo Eventos","10,00€","System.Object[]","https://compras.abonoteatro.com/?pagename=espectaculo&eventid=45570#compradias","System.Object[]","45570"
"ROCÍO DÚRCAL: TRIBUTO A UNA LEYENDA","ESPACIO BROADWAY","12,00€","System.Object[]","https://compras.abonoteatro.com/?pagename=espectaculo&eventid=81288#compradias","System.Object[]","81288"
"HABLA, HABLÓ, HABLÉ","SOJO Laboratorio Teatral","10,00€","System.Object[]","https://compras.abonoteatro.com/?pagename=espectaculo&eventid=33962#compradias","System.Object[]","33962"
"Monólogos poligoneros con Vidda Priego","Teatro Escondido Gran Vía","10,00€","System.Object[]","https://compras.abonoteatro.com/?pagename=espectaculo&eventid=77129#compradias","System.Object[]","77129"
"19 DÍAS: TRIBUTO AL MAESTRO SABINA","ESPACIO BROADWAY","12,00€","System.Object[]","https://compras.abonoteatro.com/?pagename=espectaculo&eventid=46675#compradias","System.Object[]","46675"
"Tour por las esculturas de Mariano Benlliure","Monumento a Goya","12,00€","System.Object[]","https://compras.abonoteatro.com/?pagename=espectaculo&eventid=21983#compradias","System.Object[]","21983"
"Mindbookness Escritura terapéutica","Centro de Bienestar Vidaes","20,00€","System.Object[]","https://compras.abonoteatro.com/?pagename=espectaculo&eventid=74359#compradias","System.Object[]","74359"
"TERAPIA CASI GRATIS","Teatro de las Aguas","12,00€","System.Object[]","https://compras.abonoteatro.com/?pagename=espectaculo&eventid=14385#compradias","System.Object[]","14385"
"UMAI EN VIVO","Yasta Club","12,00€","System.Object[]","https://compras.abonoteatro.com/?pagename=espectaculo&eventid=10771#compradias","System.Object[]","10771"
"7th JAZZ: CANCIONES DE OSCAR","Cines MK2 Palacio Hielo Eventos","13,00€","System.Object[]","https://compras.abonoteatro.com/?pagename=espectaculo&eventid=95022#compradias","System.Object[]","95022"
"Ruta senderismo de La Chorrera del Hornillo","Parking del Puente de la Aceña","20,00€","System.Object[]","https://compras.abonoteatro.com/?pagename=espectaculo&eventid=90685#compradias","System.Object[]","90685"
"TOUR TOLETUM","Plaza de Zocodover (Toledo)","12,00€","System.Object[]","https://compras.abonoteatro.com/?pagename=espectaculo&eventid=61847#compradias","System.Object[]","61847"
"TOUR GINCANA JUDERÍA DE TOLEDO","Plaza de El Salvador","12,00€","System.Object[]","https://compras.abonoteatro.com/?pagename=espectaculo&eventid=90428#compradias","System.Object[]","90428"
"BIENVENIDOS A LOS 80´S","Yasta Club","12,00€","System.Object[]","https://compras.abonoteatro.com/?pagename=espectaculo&eventid=38210#compradias","System.Object[]","38210"
"AMALIO PALOP","Platea Café Teatro Rivas-Vaciamadrid","14,00€","System.Object[]","https://compras.abonoteatro.com/?pagename=espectaculo&eventid=2962#compradias","System.Object[]","2962"
"CENIZAS. Danza Butoh","Arte Olimpia Embajadores","12,00€","System.Object[]","https://compras.abonoteatro.com/?pagename=espectaculo&eventid=35248#compradias","System.Object[]","35248"
"Observacion atronómica Las Navas del Marqués","Restaurante Magalia","20,00€","System.Object[]","https://compras.abonoteatro.com/?pagename=espectaculo&eventid=59750#compradias","System.Object[]","59750"
"ÓSCAR BAREZ","Platea Café Teatro Rivas-Vaciamadrid","14,00€","System.Object[]","https://compras.abonoteatro.com/?pagename=espectaculo&eventid=3981#compradias","System.Object[]","3981"
"NAVAREÑO- CONFETI","La Butaca Amarilla","14,00€","System.Object[]","https://compras.abonoteatro.com/?pagename=espectaculo&eventid=39092#compradias","System.Object[]","39092"
"VISITA GUIADA ARANJUEZ","Aranjuez","12,00€","System.Object[]","https://compras.abonoteatro.com/?pagename=espectaculo&eventid=66115#compradias","System.Object[]","66115"
"SEMILLARTE","Teatro Tyl Tyl (Navalcarnero)","10,00€","System.Object[]","https://compras.abonoteatro.com/?pagename=espectaculo&eventid=20263#compradias","System.Object[]","20263"
"AUTO-COACHING PARA CONOCERTE","Centro de Bienestar Vidaes","20,00€","System.Object[]","https://compras.abonoteatro.com/?pagename=espectaculo&eventid=7335#compradias","System.Object[]","7335"
"Coaching de Hábitos","Centro de Bienestar Vidaes","20,00€","System.Object[]","https://compras.abonoteatro.com/?pagename=espectaculo&eventid=27449#compradias","System.Object[]","27449"
"PATRISAKI","La Butaca Amarilla","14,00€","System.Object[]","https://compras.abonoteatro.com/?pagename=espectaculo&eventid=38981#compradias","System.Object[]","38981"
"Esta noche cruzamos el Manzanares","Sala de Teatro Bululú2120","16,00€","System.Object[]","https://compras.abonoteatro.com/?pagename=espectaculo&eventid=16095#compradias","System.Object[]","16095"
"MOLINA GÓMEZ EN PLATEA","Platea Café Teatro Rivas-Vaciamadrid","14,00€","System.Object[]","https://compras.abonoteatro.com/?pagename=espectaculo&eventid=26937#compradias","System.Object[]","26937"
"LA MARAÑA","La Butaca Amarilla","14,00€","System.Object[]","https://compras.abonoteatro.com/?pagename=espectaculo&eventid=90241#compradias","System.Object[]","90241"
"VISITA A GUADALAJARA, CAPITAL DE LA ALCARRIA","Palacio del Infantado, Guadalajara","12,00€","System.Object[]","https://compras.abonoteatro.com/?pagename=espectaculo&eventid=18861#compradias","System.Object[]","18861"
"Madrid Rio en Patines","Metro Marqués de Vadillo","20,00€","System.Object[]","https://compras.abonoteatro.com/?pagename=espectaculo&eventid=18828#compradias","System.Object[]","18828"
"VISITA GUIADA TOLEDO","Plaza de Zocodover (Toledo)","12,00€","System.Object[]","https://compras.abonoteatro.com/?pagename=espectaculo&eventid=72253#compradias","System.Object[]","72253"
"DISNEY CHANNEL Y MÁS: EL CONCIERTO","Yasta Club","12,00€","System.Object[]","https://compras.abonoteatro.com/?pagename=espectaculo&eventid=22601#compradias","System.Object[]","22601"
"MOLINA GÓMEZ","La Butaca Amarilla","14,00€","System.Object[]","https://compras.abonoteatro.com/?pagename=espectaculo&eventid=81754#compradias","System.Object[]","81754"
"MELOCOTÓN EN ALMÍBAR","SOJO Laboratorio Teatral","10,99€","System.Object[]","https://compras.abonoteatro.com/?pagename=espectaculo&eventid=10297#compradias","System.Object[]","10297"
"CAHIPORRI","La Butaca Amarilla","14,00€","System.Object[]","https://compras.abonoteatro.com/?pagename=espectaculo&eventid=64817#compradias","System.Object[]","64817"
"ASUN SERRA en Platea","Platea Café Teatro Rivas-Vaciamadrid","14,00€","System.Object[]","https://compras.abonoteatro.com/?pagename=espectaculo&eventid=20751#compradias","System.Object[]","20751"
"EN MÁLAGA: TOUR MÁLAGA HISTÓRICA","Monumento al Marqués de Larios (Málaga)","18,00€","System.Object[]","https://compras.abonoteatro.com/?pagename=espectaculo&eventid=94602#compradias","System.Object[]","94602"
"MENTIRAS TROLERAS","La Butaca Amarilla","12,00€","System.Object[]","https://compras.abonoteatro.com/?pagename=espectaculo&eventid=88747#compradias","System.Object[]","88747"
"50 Añeros - José Boto","Teatro Escondido Gran Vía","15,00€","System.Object[]","https://compras.abonoteatro.com/?pagename=espectaculo&eventid=69889#compradias","System.Object[]","69889"
"TOUR DE FORTINES Y TRINCHERAS DE LA GUERRA CIVIL ESPAÑOLA","Plaza de los Fortines","12,00€","System.Object[]","https://compras.abonoteatro.com/?pagename=espectaculo&eventid=47222#compradias","System.Object[]","47222"
"Visita una ganadería de extensivo","Estación de servicio Cepsa CL-505","20,00€","System.Object[]","https://compras.abonoteatro.com/?pagename=espectaculo&eventid=6168#compradias","System.Object[]","6168"
"Ruta de Senderismo Valle Iruelas","Restaurante Hostal Las Cruceras","20,00€","System.Object[]","https://compras.abonoteatro.com/?pagename=espectaculo&eventid=33694#compradias","System.Object[]","33694"
"Observación Astronómica Valle Iruelas","Restaurante Hostal Las Cruceras","20,00€","System.Object[]","https://compras.abonoteatro.com/?pagename=espectaculo&eventid=52699#compradias","System.Object[]","52699"
"TOUR SALAMANCA ETERNA","Plaza Mayor de Salamanca","12,00€","System.Object[]","https://compras.abonoteatro.com/?pagename=espectaculo&eventid=26316#compradias","System.Object[]","26316"
"Ruta de senderismo. Pet Friendly","Restaurante Magalia","12,00€","System.Object[]","https://compras.abonoteatro.com/?pagename=espectaculo&eventid=87344#compradias","System.Object[]","87344"
"RUTA DE SENDERISMO INTERPRETATIVO: El Bosque Plateado de Jarosa","Parking del embalse de Jarosa","25,00€","System.Object[]","https://compras.abonoteatro.com/?pagename=espectaculo&eventid=38036#compradias","System.Object[]","38036"
"Sesión exclusiva: QUIÉN VIO LOS TEMPLOS CAER","mk2 Cine Paz (Eventos)","9,50€","System.Object[]","https://compras.abonoteatro.com/?pagename=espectaculo&eventid=43550#compradias","System.Object[]","43550"
"VISITA GUIADA A SIGÜENZA. LA CIUDAD DEL DONCEL","Sigüenza","13,00€","System.Object[]","https://compras.abonoteatro.com/?pagename=espectaculo&eventid=19251#compradias","System.Object[]","19251"
"LUDENS","Teatro Tyl Tyl (Navalcarnero)","10,00€","System.Object[]","https://compras.abonoteatro.com/?pagename=espectaculo&eventid=81008#compradias","System.Object[]","81008"
"ENTRADA EXPOSICIONES CAIXAFORUM MADRID","CaixaForum Madrid","0,00€","System.Object[]","https://compras.abonoteatro.com/?pagename=espectaculo&eventid=85282#compradias","System.Object[]","85282"
